feature,total_values,missing_values,missing_percent,sepsis_missing_values,sepsis_missing_percent,non_sepsis_missing_values,non_sepsis_missing_percent
Bilirubin_direct,1552210,1549220,99.80737142525818,171890,99.69839336465402,1377330,99.82098854906508
Fibrinogen,1552210,1541968,99.34016660116866,170640,98.97337741430312,1371328,99.3859979707204
TroponinI,1552210,1537429,99.04774482834152,171195,99.29528449625892,1366234,99.01681403101898
Bilirubin_total,1552210,1529069,98.5091579103343,168971,98.00533611739458,1360098,98.5721119002754
Alkalinephos,1552210,1527269,98.39319421985428,168444,97.69966939272663,1358825,98.47985215248588
AST,1552210,1527027,98.37760354591197,168440,97.69734934168551,1358587,98.46260327583708
Lactate,1552210,1510764,97.32987160242493,163136,94.62096166115654,1347628,97.66835773300478
PTT,1552210,1506511,97.05587517152962,165669,96.09013398294762,1340842,97.17654732569937
SaO2,1552210,1498649,96.54937154122187,163962,95.10005220114842,1334687,96.73046818379476
EtCO2,1552210,1494574,96.2868426308296,154296,89.49364886027492,1340278,97.13567183649803
Phosphate,1552210,1489909,95.98630339966886,163046,94.56876051273127,1326863,96.1634294825337
HCO3,1552210,1487182,95.81061840859162,162484,94.2427933414535,1324698,96.00652268444702
Chloride,1552210,1481744,95.46027921479696,161434,93.63377994315874,1320310,95.6885055805189
BaseExcess,1552210,1468065,94.57901959142127,157101,91.12058465286236,1310964,95.01116103783157
PaCO2,1552210,1465909,94.44012085993518,156579,90.81781799199582,1309330,94.89273807798232
Calcium,1552210,1460879,94.116066769316,159589,92.5636564004408,1301290,94.3100449340484
Platelets,1552210,1460001,94.05950225807075,161120,93.4516559364306,1298881,94.13545441368314
Creatinine,1552210,1457594,93.90443303418996,160617,93.1599095180094,1296977,93.99746340049282
Magnesium,1552210,1454259,93.68957808543948,158604,91.9923438315643,1295655,93.90165241339325
WBC,1552210,1452763,93.59319937379608,159685,92.61933762542776,1293078,93.71488621539353
BUN,1552210,1445642,93.13443412940259,158418,91.88446145815207,1287224,93.29062182925063
pH,1552210,1444637,93.06968773555124,153210,88.86375500261006,1291427,93.5952311929265
Hgb,1552210,1437619,92.61755819122412,158033,91.661156545444,1279586,92.73706334251341
FiO2,1552210,1422845,91.66575398947307,143551,83.26141175105852,1279294,92.71590085519641
Hct,1552210,1414777,91.1459789590326,155432,90.15254335595382,1259345,91.27011161037831
Potassium,1552210,1407685,90.6890820185413,152449,88.42236529203642,1255236,90.97231482823598
Glucose,1552210,1286694,82.89432486583645,141561,82.10718635809988,1145133,82.992680098565
Temp,1552210,1026984,66.16269705774349,111496,64.66910272025984,915488,66.34932598927381
Unit1,1552210,611960,39.42507779230903,84950,49.27208398584769,527010,38.19466589360777
Unit2,1552210,611960,39.42507779230903,84950,49.27208398584769,527010,38.19466589360777
DBP,1552210,486554,31.34588747656567,43552,25.260715735746185,443002,32.10624728221481
Resp,1552210,238335,15.354558983642677,22261,12.911664056609245,216074,15.659805768952022
SBP,1552210,226265,14.576958014701619,23836,13.82518415405139,202429,14.670894332511958
O2Sat,1552210,202736,13.061119307310223,15789,9.157821472072387,186947,13.548847659081027
MAP,1552210,193270,12.451279143930268,14843,8.609129400846818,178427,12.931366864763008
HR,1552210,153399,9.882618975525219,12172,7.059915318136999,141227,10.235323959994203
HospAdmTime,1552210,8,0.0005153941799112234,0,0.0,8,0.0005797941730685607
Gender,1552210,0,0.0,0,0.0,0,0.0
Age,1552210,0,0.0,0,0.0,0,0.0
ICULOS,1552210,0,0.0,0,0.0,0,0.0
SepsisLabel,1552210,0,0.0,0,0.0,0,0.0
