feature_set,feature_index,feature
F0,0,HR
F0,1,O2Sat
F0,2,Temp
F0,3,SBP
F0,4,MAP
F0,5,DBP
F0,6,Resp
F0,7,EtCO2
F0,8,BaseExcess
F0,9,HCO3
F0,10,FiO2
F0,11,pH
F0,12,PaCO2
F0,13,SaO2
F0,14,AST
F0,15,BUN
F0,16,Alkalinephos
F0,17,Calcium
F0,18,Chloride
F0,19,Creatinine
F0,20,Bilirubin_direct
F0,21,Glucose
F0,22,Lactate
F0,23,Magnesium
F0,24,Phosphate
F0,25,Potassium
F0,26,Bilirubin_total
F0,27,TroponinI
F0,28,Hct
F0,29,Hgb
F0,30,PTT
F0,31,WBC
F0,32,Fibrinogen
F0,33,Platelets
F0,34,Age
F0,35,Gender
F0,36,Unit1
F0,37,Unit2
F0,38,HospAdmTime
F0,39,ICULOS
F0,40,HR_missing
F0,41,O2Sat_missing
F0,42,Temp_missing
F0,43,SBP_missing
F0,44,MAP_missing
F0,45,DBP_missing
F0,46,Resp_missing
F0,47,EtCO2_missing
F0,48,BaseExcess_missing
F0,49,HCO3_missing
F0,50,FiO2_missing
F0,51,pH_missing
F0,52,PaCO2_missing
F0,53,SaO2_missing
F0,54,AST_missing
F0,55,BUN_missing
F0,56,Alkalinephos_missing
F0,57,Calcium_missing
F0,58,Chloride_missing
F0,59,Creatinine_missing
F0,60,Bilirubin_direct_missing
F0,61,Glucose_missing
F0,62,Lactate_missing
F0,63,Magnesium_missing
F0,64,Phosphate_missing
F0,65,Potassium_missing
F0,66,Bilirubin_total_missing
F0,67,TroponinI_missing
F0,68,Hct_missing
F0,69,Hgb_missing
F0,70,PTT_missing
F0,71,WBC_missing
F0,72,Fibrinogen_missing
F0,73,Platelets_missing
F0,74,Age_missing
F0,75,Gender_missing
F0,76,Unit1_missing
F0,77,Unit2_missing
F0,78,HospAdmTime_missing
F0,79,ICULOS_missing
F1,0,HR
F1,1,O2Sat
F1,2,Temp
F1,3,SBP
F1,4,MAP
F1,5,DBP
F1,6,Resp
F1,7,EtCO2
F1,8,BaseExcess
F1,9,HCO3
F1,10,FiO2
F1,11,pH
F1,12,PaCO2
F1,13,SaO2
F1,14,AST
F1,15,BUN
F1,16,Alkalinephos
F1,17,Calcium
F1,18,Chloride
F1,19,Creatinine
F1,20,Bilirubin_direct
F1,21,Glucose
F1,22,Lactate
F1,23,Magnesium
F1,24,Phosphate
F1,25,Potassium
F1,26,Bilirubin_total
F1,27,TroponinI
F1,28,Hct
F1,29,Hgb
F1,30,PTT
F1,31,WBC
F1,32,Fibrinogen
F1,33,Platelets
F1,34,Age
F1,35,Gender
F1,36,Unit1
F1,37,Unit2
F1,38,HospAdmTime
F1,39,ICULOS
F1,40,HR_missing
F1,41,O2Sat_missing
F1,42,Temp_missing
F1,43,SBP_missing
F1,44,MAP_missing
F1,45,DBP_missing
F1,46,Resp_missing
F1,47,EtCO2_missing
F1,48,BaseExcess_missing
F1,49,HCO3_missing
F1,50,FiO2_missing
F1,51,pH_missing
F1,52,PaCO2_missing
F1,53,SaO2_missing
F1,54,AST_missing
F1,55,BUN_missing
F1,56,Alkalinephos_missing
F1,57,Calcium_missing
F1,58,Chloride_missing
F1,59,Creatinine_missing
F1,60,Bilirubin_direct_missing
F1,61,Glucose_missing
F1,62,Lactate_missing
F1,63,Magnesium_missing
F1,64,Phosphate_missing
F1,65,Potassium_missing
F1,66,Bilirubin_total_missing
F1,67,TroponinI_missing
F1,68,Hct_missing
F1,69,Hgb_missing
F1,70,PTT_missing
F1,71,WBC_missing
F1,72,Fibrinogen_missing
F1,73,Platelets_missing
F1,74,Age_missing
F1,75,Gender_missing
F1,76,Unit1_missing
F1,77,Unit2_missing
F1,78,HospAdmTime_missing
F1,79,ICULOS_missing
F1,80,HR_delta_1h
F1,81,HR_delta_1h_valid
F1,82,HR_delta_3h
F1,83,HR_delta_3h_valid
F1,84,HR_delta_6h
F1,85,HR_delta_6h_valid
F1,86,O2Sat_delta_1h
F1,87,O2Sat_delta_1h_valid
F1,88,O2Sat_delta_3h
F1,89,O2Sat_delta_3h_valid
F1,90,O2Sat_delta_6h
F1,91,O2Sat_delta_6h_valid
F1,92,Temp_delta_1h
F1,93,Temp_delta_1h_valid
F1,94,Temp_delta_3h
F1,95,Temp_delta_3h_valid
F1,96,Temp_delta_6h
F1,97,Temp_delta_6h_valid
F1,98,SBP_delta_1h
F1,99,SBP_delta_1h_valid
F1,100,SBP_delta_3h
F1,101,SBP_delta_3h_valid
F1,102,SBP_delta_6h
F1,103,SBP_delta_6h_valid
F1,104,MAP_delta_1h
F1,105,MAP_delta_1h_valid
F1,106,MAP_delta_3h
F1,107,MAP_delta_3h_valid
F1,108,MAP_delta_6h
F1,109,MAP_delta_6h_valid
F1,110,DBP_delta_1h
F1,111,DBP_delta_1h_valid
F1,112,DBP_delta_3h
F1,113,DBP_delta_3h_valid
F1,114,DBP_delta_6h
F1,115,DBP_delta_6h_valid
F1,116,Resp_delta_1h
F1,117,Resp_delta_1h_valid
F1,118,Resp_delta_3h
F1,119,Resp_delta_3h_valid
F1,120,Resp_delta_6h
F1,121,Resp_delta_6h_valid
F1,122,WBC_delta_1h
F1,123,WBC_delta_1h_valid
F1,124,WBC_delta_3h
F1,125,WBC_delta_3h_valid
F1,126,WBC_delta_6h
F1,127,WBC_delta_6h_valid
F1,128,Lactate_delta_1h
F1,129,Lactate_delta_1h_valid
F1,130,Lactate_delta_3h
F1,131,Lactate_delta_3h_valid
F1,132,Lactate_delta_6h
F1,133,Lactate_delta_6h_valid
F1,134,Creatinine_delta_1h
F1,135,Creatinine_delta_1h_valid
F1,136,Creatinine_delta_3h
F1,137,Creatinine_delta_3h_valid
F1,138,Creatinine_delta_6h
F1,139,Creatinine_delta_6h_valid
F1,140,Bilirubin_total_delta_1h
F1,141,Bilirubin_total_delta_1h_valid
F1,142,Bilirubin_total_delta_3h
F1,143,Bilirubin_total_delta_3h_valid
F1,144,Bilirubin_total_delta_6h
F1,145,Bilirubin_total_delta_6h_valid
F1,146,Platelets_delta_1h
F1,147,Platelets_delta_1h_valid
F1,148,Platelets_delta_3h
F1,149,Platelets_delta_3h_valid
F1,150,Platelets_delta_6h
F1,151,Platelets_delta_6h_valid
F2,0,HR
F2,1,O2Sat
F2,2,Temp
F2,3,SBP
F2,4,MAP
F2,5,DBP
F2,6,Resp
F2,7,EtCO2
F2,8,BaseExcess
F2,9,HCO3
F2,10,FiO2
F2,11,pH
F2,12,PaCO2
F2,13,SaO2
F2,14,AST
F2,15,BUN
F2,16,Alkalinephos
F2,17,Calcium
F2,18,Chloride
F2,19,Creatinine
F2,20,Bilirubin_direct
F2,21,Glucose
F2,22,Lactate
F2,23,Magnesium
F2,24,Phosphate
F2,25,Potassium
F2,26,Bilirubin_total
F2,27,TroponinI
F2,28,Hct
F2,29,Hgb
F2,30,PTT
F2,31,WBC
F2,32,Fibrinogen
F2,33,Platelets
F2,34,Age
F2,35,Gender
F2,36,Unit1
F2,37,Unit2
F2,38,HospAdmTime
F2,39,ICULOS
F2,40,HR_missing
F2,41,O2Sat_missing
F2,42,Temp_missing
F2,43,SBP_missing
F2,44,MAP_missing
F2,45,DBP_missing
F2,46,Resp_missing
F2,47,EtCO2_missing
F2,48,BaseExcess_missing
F2,49,HCO3_missing
F2,50,FiO2_missing
F2,51,pH_missing
F2,52,PaCO2_missing
F2,53,SaO2_missing
F2,54,AST_missing
F2,55,BUN_missing
F2,56,Alkalinephos_missing
F2,57,Calcium_missing
F2,58,Chloride_missing
F2,59,Creatinine_missing
F2,60,Bilirubin_direct_missing
F2,61,Glucose_missing
F2,62,Lactate_missing
F2,63,Magnesium_missing
F2,64,Phosphate_missing
F2,65,Potassium_missing
F2,66,Bilirubin_total_missing
F2,67,TroponinI_missing
F2,68,Hct_missing
F2,69,Hgb_missing
F2,70,PTT_missing
F2,71,WBC_missing
F2,72,Fibrinogen_missing
F2,73,Platelets_missing
F2,74,Age_missing
F2,75,Gender_missing
F2,76,Unit1_missing
F2,77,Unit2_missing
F2,78,HospAdmTime_missing
F2,79,ICULOS_missing
F2,80,HR_delta_1h
F2,81,HR_delta_1h_valid
F2,82,HR_delta_3h
F2,83,HR_delta_3h_valid
F2,84,HR_delta_6h
F2,85,HR_delta_6h_valid
F2,86,O2Sat_delta_1h
F2,87,O2Sat_delta_1h_valid
F2,88,O2Sat_delta_3h
F2,89,O2Sat_delta_3h_valid
F2,90,O2Sat_delta_6h
F2,91,O2Sat_delta_6h_valid
F2,92,Temp_delta_1h
F2,93,Temp_delta_1h_valid
F2,94,Temp_delta_3h
F2,95,Temp_delta_3h_valid
F2,96,Temp_delta_6h
F2,97,Temp_delta_6h_valid
F2,98,SBP_delta_1h
F2,99,SBP_delta_1h_valid
F2,100,SBP_delta_3h
F2,101,SBP_delta_3h_valid
F2,102,SBP_delta_6h
F2,103,SBP_delta_6h_valid
F2,104,MAP_delta_1h
F2,105,MAP_delta_1h_valid
F2,106,MAP_delta_3h
F2,107,MAP_delta_3h_valid
F2,108,MAP_delta_6h
F2,109,MAP_delta_6h_valid
F2,110,DBP_delta_1h
F2,111,DBP_delta_1h_valid
F2,112,DBP_delta_3h
F2,113,DBP_delta_3h_valid
F2,114,DBP_delta_6h
F2,115,DBP_delta_6h_valid
F2,116,Resp_delta_1h
F2,117,Resp_delta_1h_valid
F2,118,Resp_delta_3h
F2,119,Resp_delta_3h_valid
F2,120,Resp_delta_6h
F2,121,Resp_delta_6h_valid
F2,122,WBC_delta_1h
F2,123,WBC_delta_1h_valid
F2,124,WBC_delta_3h
F2,125,WBC_delta_3h_valid
F2,126,WBC_delta_6h
F2,127,WBC_delta_6h_valid
F2,128,Lactate_delta_1h
F2,129,Lactate_delta_1h_valid
F2,130,Lactate_delta_3h
F2,131,Lactate_delta_3h_valid
F2,132,Lactate_delta_6h
F2,133,Lactate_delta_6h_valid
F2,134,Creatinine_delta_1h
F2,135,Creatinine_delta_1h_valid
F2,136,Creatinine_delta_3h
F2,137,Creatinine_delta_3h_valid
F2,138,Creatinine_delta_6h
F2,139,Creatinine_delta_6h_valid
F2,140,Bilirubin_total_delta_1h
F2,141,Bilirubin_total_delta_1h_valid
F2,142,Bilirubin_total_delta_3h
F2,143,Bilirubin_total_delta_3h_valid
F2,144,Bilirubin_total_delta_6h
F2,145,Bilirubin_total_delta_6h_valid
F2,146,Platelets_delta_1h
F2,147,Platelets_delta_1h_valid
F2,148,Platelets_delta_3h
F2,149,Platelets_delta_3h_valid
F2,150,Platelets_delta_6h
F2,151,Platelets_delta_6h_valid
F2,152,HR_rolling_mean_3h
F2,153,HR_rolling_std_3h
F2,154,HR_rolling_min_3h
F2,155,HR_rolling_max_3h
F2,156,HR_rolling_3h_valid
F2,157,HR_rolling_3h_complete
F2,158,HR_rolling_mean_6h
F2,159,HR_rolling_std_6h
F2,160,HR_rolling_min_6h
F2,161,HR_rolling_max_6h
F2,162,HR_rolling_6h_valid
F2,163,HR_rolling_6h_complete
F2,164,O2Sat_rolling_mean_3h
F2,165,O2Sat_rolling_std_3h
F2,166,O2Sat_rolling_min_3h
F2,167,O2Sat_rolling_max_3h
F2,168,O2Sat_rolling_3h_valid
F2,169,O2Sat_rolling_3h_complete
F2,170,O2Sat_rolling_mean_6h
F2,171,O2Sat_rolling_std_6h
F2,172,O2Sat_rolling_min_6h
F2,173,O2Sat_rolling_max_6h
F2,174,O2Sat_rolling_6h_valid
F2,175,O2Sat_rolling_6h_complete
F2,176,Temp_rolling_mean_3h
F2,177,Temp_rolling_std_3h
F2,178,Temp_rolling_min_3h
F2,179,Temp_rolling_max_3h
F2,180,Temp_rolling_3h_valid
F2,181,Temp_rolling_3h_complete
F2,182,Temp_rolling_mean_6h
F2,183,Temp_rolling_std_6h
F2,184,Temp_rolling_min_6h
F2,185,Temp_rolling_max_6h
F2,186,Temp_rolling_6h_valid
F2,187,Temp_rolling_6h_complete
F2,188,SBP_rolling_mean_3h
F2,189,SBP_rolling_std_3h
F2,190,SBP_rolling_min_3h
F2,191,SBP_rolling_max_3h
F2,192,SBP_rolling_3h_valid
F2,193,SBP_rolling_3h_complete
F2,194,SBP_rolling_mean_6h
F2,195,SBP_rolling_std_6h
F2,196,SBP_rolling_min_6h
F2,197,SBP_rolling_max_6h
F2,198,SBP_rolling_6h_valid
F2,199,SBP_rolling_6h_complete
F2,200,MAP_rolling_mean_3h
F2,201,MAP_rolling_std_3h
F2,202,MAP_rolling_min_3h
F2,203,MAP_rolling_max_3h
F2,204,MAP_rolling_3h_valid
F2,205,MAP_rolling_3h_complete
F2,206,MAP_rolling_mean_6h
F2,207,MAP_rolling_std_6h
F2,208,MAP_rolling_min_6h
F2,209,MAP_rolling_max_6h
F2,210,MAP_rolling_6h_valid
F2,211,MAP_rolling_6h_complete
F2,212,DBP_rolling_mean_3h
F2,213,DBP_rolling_std_3h
F2,214,DBP_rolling_min_3h
F2,215,DBP_rolling_max_3h
F2,216,DBP_rolling_3h_valid
F2,217,DBP_rolling_3h_complete
F2,218,DBP_rolling_mean_6h
F2,219,DBP_rolling_std_6h
F2,220,DBP_rolling_min_6h
F2,221,DBP_rolling_max_6h
F2,222,DBP_rolling_6h_valid
F2,223,DBP_rolling_6h_complete
F2,224,Resp_rolling_mean_3h
F2,225,Resp_rolling_std_3h
F2,226,Resp_rolling_min_3h
F2,227,Resp_rolling_max_3h
F2,228,Resp_rolling_3h_valid
F2,229,Resp_rolling_3h_complete
F2,230,Resp_rolling_mean_6h
F2,231,Resp_rolling_std_6h
F2,232,Resp_rolling_min_6h
F2,233,Resp_rolling_max_6h
F2,234,Resp_rolling_6h_valid
F2,235,Resp_rolling_6h_complete
F2,236,WBC_rolling_mean_3h
F2,237,WBC_rolling_std_3h
F2,238,WBC_rolling_min_3h
F2,239,WBC_rolling_max_3h
F2,240,WBC_rolling_3h_valid
F2,241,WBC_rolling_3h_complete
F2,242,WBC_rolling_mean_6h
F2,243,WBC_rolling_std_6h
F2,244,WBC_rolling_min_6h
F2,245,WBC_rolling_max_6h
F2,246,WBC_rolling_6h_valid
F2,247,WBC_rolling_6h_complete
F2,248,Lactate_rolling_mean_3h
F2,249,Lactate_rolling_std_3h
F2,250,Lactate_rolling_min_3h
F2,251,Lactate_rolling_max_3h
F2,252,Lactate_rolling_3h_valid
F2,253,Lactate_rolling_3h_complete
F2,254,Lactate_rolling_mean_6h
F2,255,Lactate_rolling_std_6h
F2,256,Lactate_rolling_min_6h
F2,257,Lactate_rolling_max_6h
F2,258,Lactate_rolling_6h_valid
F2,259,Lactate_rolling_6h_complete
F2,260,Creatinine_rolling_mean_3h
F2,261,Creatinine_rolling_std_3h
F2,262,Creatinine_rolling_min_3h
F2,263,Creatinine_rolling_max_3h
F2,264,Creatinine_rolling_3h_valid
F2,265,Creatinine_rolling_3h_complete
F2,266,Creatinine_rolling_mean_6h
F2,267,Creatinine_rolling_std_6h
F2,268,Creatinine_rolling_min_6h
F2,269,Creatinine_rolling_max_6h
F2,270,Creatinine_rolling_6h_valid
F2,271,Creatinine_rolling_6h_complete
F2,272,Bilirubin_total_rolling_mean_3h
F2,273,Bilirubin_total_rolling_std_3h
F2,274,Bilirubin_total_rolling_min_3h
F2,275,Bilirubin_total_rolling_max_3h
F2,276,Bilirubin_total_rolling_3h_valid
F2,277,Bilirubin_total_rolling_3h_complete
F2,278,Bilirubin_total_rolling_mean_6h
F2,279,Bilirubin_total_rolling_std_6h
F2,280,Bilirubin_total_rolling_min_6h
F2,281,Bilirubin_total_rolling_max_6h
F2,282,Bilirubin_total_rolling_6h_valid
F2,283,Bilirubin_total_rolling_6h_complete
F2,284,Platelets_rolling_mean_3h
F2,285,Platelets_rolling_std_3h
F2,286,Platelets_rolling_min_3h
F2,287,Platelets_rolling_max_3h
F2,288,Platelets_rolling_3h_valid
F2,289,Platelets_rolling_3h_complete
F2,290,Platelets_rolling_mean_6h
F2,291,Platelets_rolling_std_6h
F2,292,Platelets_rolling_min_6h
F2,293,Platelets_rolling_max_6h
F2,294,Platelets_rolling_6h_valid
F2,295,Platelets_rolling_6h_complete
F3,0,HR
F3,1,O2Sat
F3,2,Temp
F3,3,SBP
F3,4,MAP
F3,5,DBP
F3,6,Resp
F3,7,EtCO2
F3,8,BaseExcess
F3,9,HCO3
F3,10,FiO2
F3,11,pH
F3,12,PaCO2
F3,13,SaO2
F3,14,AST
F3,15,BUN
F3,16,Alkalinephos
F3,17,Calcium
F3,18,Chloride
F3,19,Creatinine
F3,20,Bilirubin_direct
F3,21,Glucose
F3,22,Lactate
F3,23,Magnesium
F3,24,Phosphate
F3,25,Potassium
F3,26,Bilirubin_total
F3,27,TroponinI
F3,28,Hct
F3,29,Hgb
F3,30,PTT
F3,31,WBC
F3,32,Fibrinogen
F3,33,Platelets
F3,34,Age
F3,35,Gender
F3,36,Unit1
F3,37,Unit2
F3,38,HospAdmTime
F3,39,ICULOS
F3,40,HR_missing
F3,41,O2Sat_missing
F3,42,Temp_missing
F3,43,SBP_missing
F3,44,MAP_missing
F3,45,DBP_missing
F3,46,Resp_missing
F3,47,EtCO2_missing
F3,48,BaseExcess_missing
F3,49,HCO3_missing
F3,50,FiO2_missing
F3,51,pH_missing
F3,52,PaCO2_missing
F3,53,SaO2_missing
F3,54,AST_missing
F3,55,BUN_missing
F3,56,Alkalinephos_missing
F3,57,Calcium_missing
F3,58,Chloride_missing
F3,59,Creatinine_missing
F3,60,Bilirubin_direct_missing
F3,61,Glucose_missing
F3,62,Lactate_missing
F3,63,Magnesium_missing
F3,64,Phosphate_missing
F3,65,Potassium_missing
F3,66,Bilirubin_total_missing
F3,67,TroponinI_missing
F3,68,Hct_missing
F3,69,Hgb_missing
F3,70,PTT_missing
F3,71,WBC_missing
F3,72,Fibrinogen_missing
F3,73,Platelets_missing
F3,74,Age_missing
F3,75,Gender_missing
F3,76,Unit1_missing
F3,77,Unit2_missing
F3,78,HospAdmTime_missing
F3,79,ICULOS_missing
F3,80,HR_delta_1h
F3,81,HR_delta_1h_valid
F3,82,HR_delta_3h
F3,83,HR_delta_3h_valid
F3,84,HR_delta_6h
F3,85,HR_delta_6h_valid
F3,86,O2Sat_delta_1h
F3,87,O2Sat_delta_1h_valid
F3,88,O2Sat_delta_3h
F3,89,O2Sat_delta_3h_valid
F3,90,O2Sat_delta_6h
F3,91,O2Sat_delta_6h_valid
F3,92,Temp_delta_1h
F3,93,Temp_delta_1h_valid
F3,94,Temp_delta_3h
F3,95,Temp_delta_3h_valid
F3,96,Temp_delta_6h
F3,97,Temp_delta_6h_valid
F3,98,SBP_delta_1h
F3,99,SBP_delta_1h_valid
F3,100,SBP_delta_3h
F3,101,SBP_delta_3h_valid
F3,102,SBP_delta_6h
F3,103,SBP_delta_6h_valid
F3,104,MAP_delta_1h
F3,105,MAP_delta_1h_valid
F3,106,MAP_delta_3h
F3,107,MAP_delta_3h_valid
F3,108,MAP_delta_6h
F3,109,MAP_delta_6h_valid
F3,110,DBP_delta_1h
F3,111,DBP_delta_1h_valid
F3,112,DBP_delta_3h
F3,113,DBP_delta_3h_valid
F3,114,DBP_delta_6h
F3,115,DBP_delta_6h_valid
F3,116,Resp_delta_1h
F3,117,Resp_delta_1h_valid
F3,118,Resp_delta_3h
F3,119,Resp_delta_3h_valid
F3,120,Resp_delta_6h
F3,121,Resp_delta_6h_valid
F3,122,WBC_delta_1h
F3,123,WBC_delta_1h_valid
F3,124,WBC_delta_3h
F3,125,WBC_delta_3h_valid
F3,126,WBC_delta_6h
F3,127,WBC_delta_6h_valid
F3,128,Lactate_delta_1h
F3,129,Lactate_delta_1h_valid
F3,130,Lactate_delta_3h
F3,131,Lactate_delta_3h_valid
F3,132,Lactate_delta_6h
F3,133,Lactate_delta_6h_valid
F3,134,Creatinine_delta_1h
F3,135,Creatinine_delta_1h_valid
F3,136,Creatinine_delta_3h
F3,137,Creatinine_delta_3h_valid
F3,138,Creatinine_delta_6h
F3,139,Creatinine_delta_6h_valid
F3,140,Bilirubin_total_delta_1h
F3,141,Bilirubin_total_delta_1h_valid
F3,142,Bilirubin_total_delta_3h
F3,143,Bilirubin_total_delta_3h_valid
F3,144,Bilirubin_total_delta_6h
F3,145,Bilirubin_total_delta_6h_valid
F3,146,Platelets_delta_1h
F3,147,Platelets_delta_1h_valid
F3,148,Platelets_delta_3h
F3,149,Platelets_delta_3h_valid
F3,150,Platelets_delta_6h
F3,151,Platelets_delta_6h_valid
F3,152,HR_rolling_mean_3h
F3,153,HR_rolling_std_3h
F3,154,HR_rolling_min_3h
F3,155,HR_rolling_max_3h
F3,156,HR_rolling_3h_valid
F3,157,HR_rolling_3h_complete
F3,158,HR_rolling_mean_6h
F3,159,HR_rolling_std_6h
F3,160,HR_rolling_min_6h
F3,161,HR_rolling_max_6h
F3,162,HR_rolling_6h_valid
F3,163,HR_rolling_6h_complete
F3,164,O2Sat_rolling_mean_3h
F3,165,O2Sat_rolling_std_3h
F3,166,O2Sat_rolling_min_3h
F3,167,O2Sat_rolling_max_3h
F3,168,O2Sat_rolling_3h_valid
F3,169,O2Sat_rolling_3h_complete
F3,170,O2Sat_rolling_mean_6h
F3,171,O2Sat_rolling_std_6h
F3,172,O2Sat_rolling_min_6h
F3,173,O2Sat_rolling_max_6h
F3,174,O2Sat_rolling_6h_valid
F3,175,O2Sat_rolling_6h_complete
F3,176,Temp_rolling_mean_3h
F3,177,Temp_rolling_std_3h
F3,178,Temp_rolling_min_3h
F3,179,Temp_rolling_max_3h
F3,180,Temp_rolling_3h_valid
F3,181,Temp_rolling_3h_complete
F3,182,Temp_rolling_mean_6h
F3,183,Temp_rolling_std_6h
F3,184,Temp_rolling_min_6h
F3,185,Temp_rolling_max_6h
F3,186,Temp_rolling_6h_valid
F3,187,Temp_rolling_6h_complete
F3,188,SBP_rolling_mean_3h
F3,189,SBP_rolling_std_3h
F3,190,SBP_rolling_min_3h
F3,191,SBP_rolling_max_3h
F3,192,SBP_rolling_3h_valid
F3,193,SBP_rolling_3h_complete
F3,194,SBP_rolling_mean_6h
F3,195,SBP_rolling_std_6h
F3,196,SBP_rolling_min_6h
F3,197,SBP_rolling_max_6h
F3,198,SBP_rolling_6h_valid
F3,199,SBP_rolling_6h_complete
F3,200,MAP_rolling_mean_3h
F3,201,MAP_rolling_std_3h
F3,202,MAP_rolling_min_3h
F3,203,MAP_rolling_max_3h
F3,204,MAP_rolling_3h_valid
F3,205,MAP_rolling_3h_complete
F3,206,MAP_rolling_mean_6h
F3,207,MAP_rolling_std_6h
F3,208,MAP_rolling_min_6h
F3,209,MAP_rolling_max_6h
F3,210,MAP_rolling_6h_valid
F3,211,MAP_rolling_6h_complete
F3,212,DBP_rolling_mean_3h
F3,213,DBP_rolling_std_3h
F3,214,DBP_rolling_min_3h
F3,215,DBP_rolling_max_3h
F3,216,DBP_rolling_3h_valid
F3,217,DBP_rolling_3h_complete
F3,218,DBP_rolling_mean_6h
F3,219,DBP_rolling_std_6h
F3,220,DBP_rolling_min_6h
F3,221,DBP_rolling_max_6h
F3,222,DBP_rolling_6h_valid
F3,223,DBP_rolling_6h_complete
F3,224,Resp_rolling_mean_3h
F3,225,Resp_rolling_std_3h
F3,226,Resp_rolling_min_3h
F3,227,Resp_rolling_max_3h
F3,228,Resp_rolling_3h_valid
F3,229,Resp_rolling_3h_complete
F3,230,Resp_rolling_mean_6h
F3,231,Resp_rolling_std_6h
F3,232,Resp_rolling_min_6h
F3,233,Resp_rolling_max_6h
F3,234,Resp_rolling_6h_valid
F3,235,Resp_rolling_6h_complete
F3,236,WBC_rolling_mean_3h
F3,237,WBC_rolling_std_3h
F3,238,WBC_rolling_min_3h
F3,239,WBC_rolling_max_3h
F3,240,WBC_rolling_3h_valid
F3,241,WBC_rolling_3h_complete
F3,242,WBC_rolling_mean_6h
F3,243,WBC_rolling_std_6h
F3,244,WBC_rolling_min_6h
F3,245,WBC_rolling_max_6h
F3,246,WBC_rolling_6h_valid
F3,247,WBC_rolling_6h_complete
F3,248,Lactate_rolling_mean_3h
F3,249,Lactate_rolling_std_3h
F3,250,Lactate_rolling_min_3h
F3,251,Lactate_rolling_max_3h
F3,252,Lactate_rolling_3h_valid
F3,253,Lactate_rolling_3h_complete
F3,254,Lactate_rolling_mean_6h
F3,255,Lactate_rolling_std_6h
F3,256,Lactate_rolling_min_6h
F3,257,Lactate_rolling_max_6h
F3,258,Lactate_rolling_6h_valid
F3,259,Lactate_rolling_6h_complete
F3,260,Creatinine_rolling_mean_3h
F3,261,Creatinine_rolling_std_3h
F3,262,Creatinine_rolling_min_3h
F3,263,Creatinine_rolling_max_3h
F3,264,Creatinine_rolling_3h_valid
F3,265,Creatinine_rolling_3h_complete
F3,266,Creatinine_rolling_mean_6h
F3,267,Creatinine_rolling_std_6h
F3,268,Creatinine_rolling_min_6h
F3,269,Creatinine_rolling_max_6h
F3,270,Creatinine_rolling_6h_valid
F3,271,Creatinine_rolling_6h_complete
F3,272,Bilirubin_total_rolling_mean_3h
F3,273,Bilirubin_total_rolling_std_3h
F3,274,Bilirubin_total_rolling_min_3h
F3,275,Bilirubin_total_rolling_max_3h
F3,276,Bilirubin_total_rolling_3h_valid
F3,277,Bilirubin_total_rolling_3h_complete
F3,278,Bilirubin_total_rolling_mean_6h
F3,279,Bilirubin_total_rolling_std_6h
F3,280,Bilirubin_total_rolling_min_6h
F3,281,Bilirubin_total_rolling_max_6h
F3,282,Bilirubin_total_rolling_6h_valid
F3,283,Bilirubin_total_rolling_6h_complete
F3,284,Platelets_rolling_mean_3h
F3,285,Platelets_rolling_std_3h
F3,286,Platelets_rolling_min_3h
F3,287,Platelets_rolling_max_3h
F3,288,Platelets_rolling_3h_valid
F3,289,Platelets_rolling_3h_complete
F3,290,Platelets_rolling_mean_6h
F3,291,Platelets_rolling_std_6h
F3,292,Platelets_rolling_min_6h
F3,293,Platelets_rolling_max_6h
F3,294,Platelets_rolling_6h_valid
F3,295,Platelets_rolling_6h_complete
F3,296,ShockIndex_HR_SBP
F3,297,ShockIndex_HR_SBP_valid
F3,298,BUN_Creatinine_ratio
F3,299,BUN_Creatinine_ratio_valid
F3,300,O2Sat_FiO2_ratio
F3,301,O2Sat_FiO2_ratio_valid
F3,302,SIRS_score
F3,303,SIRS_score_valid
F3,304,MEWS_4_variable
F3,305,MEWS_4_variable_valid
