feature,training_rows,original_missing_values,original_missing_percent,training_median_after_causal_ffill
HR,1057665,104113,9.843665054625045,83.0
O2Sat,1057665,137310,12.98237154486534,98.0
Temp,1057665,699050,66.09370641932937,36.83
SBP,1057665,153855,14.546666477570874,121.0
MAP,1057665,131334,12.417353320758464,81.0
DBP,1057665,330538,31.251672315903427,62.0
Resp,1057665,162470,15.361196598166716,18.0
EtCO2,1057665,1018065,96.25590333423155,34.0
BaseExcess,1057665,1000482,94.59346768589299,0.0
HCO3,1057665,1013398,95.81464830546534,24.0
FiO2,1057665,969113,91.62759474880988,0.4
pH,1057665,984513,93.08363234105317,7.39
PaCO2,1057665,998761,94.43075075756502,40.0
SaO2,1057665,1021576,96.5878609956839,97.0
AST,1057665,1040519,98.37888178203875,34.0
BUN,1057665,985249,93.15321959221492,17.0
Alkalinephos,1057665,1040706,98.39656223851597,71.0
Calcium,1057665,995316,94.10503325722229,8.3
Chloride,1057665,1009715,95.46642840596975,106.0
Creatinine,1057665,993246,93.90931911332984,0.9
Bilirubin_direct,1057665,1055614,99.80608226612397,0.3
Glucose,1057665,876331,82.85525189923085,123.0
Lactate,1057665,1029396,97.32722553927756,1.58
Magnesium,1057665,990933,93.69062983080654,2.0
Phosphate,1057665,1015102,95.97575791956811,3.3
Potassium,1057665,959233,90.69346154027976,4.0
Bilirubin_total,1057665,1041902,98.50964152165383,0.8
TroponinI,1057665,1047653,99.05338646925065,0.11
Hct,1057665,964171,91.16033904875363,31.1
Hgb,1057665,979590,92.61817305101331,10.4
PTT,1057665,1026610,97.06381510213537,30.8
WBC,1057665,989991,93.60156571315113,10.3
Fibrinogen,1057665,1050678,99.33939385344131,264.0
Platelets,1057665,994826,94.05870478837818,191.0
Age,1057665,0,0.0,64.0
Gender,1057665,0,0.0,1.0
Unit1,1057665,416503,39.3794821611758,1.0
Unit2,1057665,416503,39.3794821611758,0.0
HospAdmTime,1057665,8,0.0007563831648017094,-6.15
ICULOS,1057665,0,0.0,21.0
