feature,training_median_after_causal_ffill
HR,83.0
O2Sat,98.0
Temp,36.83
SBP,121.0
MAP,81.0
DBP,62.0
Resp,18.0
EtCO2,34.0
BaseExcess,0.0
HCO3,24.0
FiO2,0.4
pH,7.39
PaCO2,40.0
SaO2,97.0
AST,34.0
BUN,17.0
Alkalinephos,71.0
Calcium,8.3
Chloride,106.0
Creatinine,0.9
Bilirubin_direct,0.3
Glucose,123.0
Lactate,1.58
Magnesium,2.0
Phosphate,3.3
Potassium,4.0
Bilirubin_total,0.8
TroponinI,0.11
Hct,31.1
Hgb,10.4
PTT,30.8
WBC,10.3
Fibrinogen,264.0
Platelets,191.0
Age,64.0
Gender,1.0
Unit1,1.0
Unit2,0.0
HospAdmTime,-6.15
ICULOS,21.0
