feature,missing_values,total_values,missing_percent
EtCO2,38809,38809,100.0
TroponinI,38746,38809,99.83766652065242
Bilirubin_direct,38745,38809,99.83508979875802
Fibrinogen,38479,38809,99.14968177484604
Bilirubin_total,38368,38809,98.86366564456698
Alkalinephos,38243,38809,98.54157540776623
AST,38228,38809,98.50292457935015
Lactate,37412,38809,96.40031951351492
Calcium,36991,38809,95.31551959597002
PTT,36987,38809,95.30521270839239
Phosphate,36938,38809,95.17895333556649
SaO2,36812,38809,94.85428637687134
Platelets,36307,38809,93.55304182019634
Creatinine,36295,38809,93.52212115746347
WBC,35904,38809,92.51462289675075
Magnesium,35804,38809,92.25695070731015
HCO3,35683,38809,91.94516735808705
BUN,35676,38809,91.92713030482619
Chloride,35625,38809,91.7957174882115
Hgb,35342,38809,91.06650519209461
PaCO2,35293,38809,90.94024581926872
BaseExcess,34642,38809,89.26279986601045
Potassium,34485,38809,88.85825452858873
pH,34174,38809,88.05689401942848
Hct,34158,38809,88.01566646911799
Glucose,33971,38809,87.53381947486409
FiO2,33458,38809,86.21196114303383
Temp,25652,38809,66.09807003530109
DBP,18879,38809,48.64593264448968
Unit2,18706,38809,48.20015975675746
Unit1,18706,38809,48.20015975675746
SBP,5933,38809,15.287690999510422
O2Sat,5112,38809,13.17220232420315
Resp,4486,38809,11.559174418305032
MAP,4288,38809,11.048983483212657
HR,3372,38809,8.688706227936818
Age,0,38809,0.0
Gender,0,38809,0.0
HospAdmTime,0,38809,0.0
ICULOS,0,38809,0.0
SepsisLabel,0,38809,0.0
