feature,training_rows,original_missing_values,original_missing_percent,available_after_causal_ffill,training_median_after_causal_ffill,entirely_missing_after_ffill
HR,1057665,104113,9.843665054625045,1033503,83.0,False
O2Sat,1057665,137310,12.98237154486534,1031824,98.0,False
Temp,1057665,699050,66.09370641932937,979683,36.83,False
SBP,1057665,153855,14.546666477570874,1016270,121.0,False
MAP,1057665,131334,12.417353320758464,1028388,81.0,False
DBP,1057665,330538,31.251672315903427,838988,62.0,False
Resp,1057665,162470,15.361196598166716,1025227,18.0,False
EtCO2,1057665,1018065,96.25590333423155,89964,34.0,False
BaseExcess,1057665,1000482,94.59346768589299,337964,0.0,False
HCO3,1057665,1013398,95.81464830546534,460389,24.0,False
FiO2,1057665,969113,91.62759474880988,463592,0.4,False
pH,1057665,984513,93.08363234105317,482227,7.39,False
PaCO2,1057665,998761,94.43075075756502,469035,40.0,False
SaO2,1057665,1021576,96.5878609956839,317235,97.0,False
AST,1057665,1040519,98.37888178203875,322463,34.0,False
BUN,1057665,985249,93.15321959221492,840203,17.0,False
Alkalinephos,1057665,1040706,98.39656223851597,319245,71.0,False
Calcium,1057665,995316,94.10503325722229,756741,8.3,False
Chloride,1057665,1009715,95.46642840596975,492147,106.0,False
Creatinine,1057665,993246,93.90931911332984,831282,0.9,False
Bilirubin_direct,1057665,1055614,99.80608226612397,50186,0.3,False
Glucose,1057665,876331,82.85525189923085,903416,123.0,False
Lactate,1057665,1029396,97.32722553927756,317258,1.58,False
Magnesium,1057665,990933,93.69062983080654,763483,2.0,False
Phosphate,1057665,1015102,95.97575791956811,604560,3.3,False
Potassium,1057665,959233,90.69346154027976,864215,4.0,False
Bilirubin_total,1057665,1041902,98.50964152165383,318264,0.8,False
TroponinI,1057665,1047653,99.05338646925065,157813,0.11,False
Hct,1057665,964171,91.16033904875363,852058,31.1,False
Hgb,1057665,979590,92.61817305101331,835897,10.4,False
PTT,1057665,1026610,97.06381510213537,472804,30.8,False
WBC,1057665,989991,93.60156571315113,819448,10.3,False
Fibrinogen,1057665,1050678,99.33939385344131,113282,264.0,False
Platelets,1057665,994826,94.05870478837818,821307,191.0,False
Age,1057665,0,0.0,1057665,64.0,False
Gender,1057665,0,0.0,1057665,1.0,False
Unit1,1057665,416503,39.3794821611758,641162,1.0,False
Unit2,1057665,416503,39.3794821611758,641162,0.0,False
HospAdmTime,1057665,8,0.0007563831648017094,1057657,-6.15,False
ICULOS,1057665,0,0.0,1057665,21.0,False
